Date,NFP M/M - 1 Month Ahead,NFP M/M - Current,NFP M/M - Next 3 Months,1M Chg - 3M Avg,3M Avg - Prev. 3M Avg.
2019-10-31, 215.00 , 129.00 , 651.00 , (44.67), 84.00 
2019-09-30, 129.00 , 207.00 , 446.00 , 46.67 , 14.67 
2019-08-31, 207.00 , 232.00 , 551.00 , 126.67 , (19.00)
2019-07-31, 232.00 , 82.00 , 568.00 , (77.00), (44.33)
2019-06-30, 82.00 , 167.00 , 521.00 , (12.33), (12.67)
2019-05-31, 167.00 , 67.00 , 481.00 , (82.67), 22.67 
2019-04-30, 67.00 , 243.00 , 316.00 , 71.33 , (46.33)
2019-03-31, 243.00 , 228.00 , 477.00 , 71.33 , 23.67 
2019-02-28, 228.00 , (22.00), 538.00 , (218.00), 40.00 
2019-01-31, (22.00), 309.00 , 449.00 , 161.00 , 28.00 
2018-12-31, 309.00 , 183.00 , 515.00 , 66.33 , 16.33 
2018-11-30, 183.00 , 96.00 , 470.00 , (72.00), (55.67)
2018-10-31, 96.00 , 165.00 , 588.00 , 33.33 , (30.67)
2018-09-30, 165.00 , 89.00 , 444.00 , (83.33), (96.67)
2018-08-31, 89.00 , 250.00 , 350.00 , 51.33 , (60.00)
2018-07-31, 250.00 , 56.00 , 504.00 , (172.33), (53.33)
2018-06-30, 56.00 , 211.00 , 395.00 , (21.33), (25.00)
2018-05-31, 211.00 , 329.00 , 517.00 , 77.00 , 5.33 
2018-04-30, 329.00 , 145.00 , 596.00 , (108.33), 77.67 
2018-03-31, 145.00 , 223.00 , 685.00 , (4.00), 79.33 
2018-02-28, 223.00 , 388.00 , 697.00 , 213.67 , 70.33 
2018-01-31, 388.00 , 149.00 , 756.00 , (25.00), 49.33 
2017-12-31, 149.00 , 144.00 , 760.00 , (12.67), 37.00 
2017-11-30, 144.00 , 230.00 , 681.00 , 105.00 , (16.00)
2017-10-31, 230.00 , 148.00 , 523.00 , 11.00 , (75.00)
2017-09-30, 148.00 , 92.00 , 522.00 , (80.67), (67.33)
2017-08-31, 92.00 , 135.00 , 470.00 , (65.00), (8.67)
2017-07-31, 135.00 , 184.00 , 375.00 , (20.33), 22.33 
2017-06-30, 184.00 , 199.00 , 411.00 , 17.67 , 15.33 
2017-05-31, 199.00 , 217.00 , 518.00 , 39.33 , (37.33)
2017-04-30, 217.00 , 197.00 , 600.00 , 8.00 , (12.33)
2017-03-31, 197.00 , 130.00 , 613.00 , (88.67), 40.00 
2017-02-28, 130.00 , 206.00 , 544.00 , 16.00 , 43.67 
2017-01-31, 206.00 , 231.00 , 533.00 , 82.00 , 5.33 
2016-12-31, 231.00 , 219.00 , 567.00 , 44.00 , (120.67)
2016-11-30, 219.00 , 120.00 , 656.00 , (64.67), (79.33)
2016-10-31, 120.00 , 108.00 , 570.00 , (161.67), (35.00)
2016-09-30, 108.00 , 297.00 , 447.00 , 42.67 , 107.67 
2016-08-31, 297.00 , 149.00 , 525.00 , (70.67), 90.67 
2016-07-31, 149.00 , 363.00 , 554.00 , 201.00 , 0.33 
2016-06-30, 363.00 , 251.00 , 809.00 , 87.33 , (32.33)
2016-05-31, 251.00 , 45.00 , 763.00 , (174.33), (36.33)
2016-04-30, 45.00 , 190.00 , 659.00 , (4.33), 15.00 
2016-03-31, 190.00 , 256.00 , 486.00 , 56.00 , (78.33)
2016-02-29, 256.00 , 212.00 , 491.00 , 7.67 , (26.67)
2016-01-31, 212.00 , 115.00 , 658.00 , (157.67), 5.67 
2015-12-31, 115.00 , 273.00 , 583.00 , 46.33 , 82.67 
2015-11-30, 273.00 , 225.00 , 600.00 , 26.33 , 30.00 
2015-10-31, 225.00 , 320.00 , 613.00 , 130.00 , (63.67)
2015-09-30, 320.00 , 135.00 , 818.00 , (61.67), (67.00)
2015-08-31, 135.00 , 141.00 , 680.00 , (121.33), (40.33)
2015-07-31, 141.00 , 294.00 , 596.00 , 37.00 , 49.00 
2015-06-30, 294.00 , 155.00 , 570.00 , (82.00), 71.00 
2015-05-31, 155.00 , 338.00 , 590.00 , 124.67 , (9.67)
2015-04-30, 338.00 , 278.00 , 787.00 , 92.00 , (39.00)
2015-03-31, 278.00 , 95.00 , 771.00 , (151.67), (81.67)
2015-02-28, 95.00 , 267.00 , 711.00 , 14.67 , (30.33)
2015-01-31, 267.00 , 196.00 , 640.00 , (71.67), 9.33 
2014-12-31, 196.00 , 277.00 , 558.00 , -   , 24.33 
2014-11-30, 277.00 , 284.00 , 740.00 , 41.00 , 24.67 
2014-10-31, 284.00 , 242.00 , 757.00 , (1.33), (16.33)
2014-09-30, 242.00 , 305.00 , 803.00 , 52.67 , (39.00)
2014-08-31, 305.00 , 182.00 , 831.00 , (77.33), (12.33)
2014-07-31, 182.00 , 243.00 , 729.00 , (39.33), 10.67 
2014-06-30, 243.00 , 332.00 , 730.00 , 67.33 , 76.33 
2014-05-31, 332.00 , 203.00 , 757.00 , (45.67), 133.67 
2014-04-30, 203.00 , 312.00 , 778.00 , 106.00 , 77.67 
2014-03-31, 312.00 , 279.00 , 847.00 , 148.00 , 23.00 
2014-02-28, 279.00 , 155.00 , 794.00 , (16.00), (95.33)
2014-01-31, 155.00 , 184.00 , 746.00 , 1.00 , (45.00)
2013-12-31, 184.00 , 54.00 , 618.00 , (172.33), (0.33)
2013-11-30, 54.00 , 275.00 , 393.00 , 59.00 , 45.00 
2013-10-31, 275.00 , 220.00 , 513.00 , 36.67 , 44.33 
2013-09-30, 220.00 , 184.00 , 549.00 , 2.67 , (10.00)
2013-08-31, 184.00 , 244.00 , 679.00 , 72.33 , (1.00)
2013-07-31, 244.00 , 122.00 , 648.00 , (71.33), (32.00)
2013-06-30, 122.00 , 178.00 , 550.00 , (4.33), (11.33)
2013-05-31, 178.00 , 215.00 , 544.00 , 11.33 , (54.33)
2013-04-30, 215.00 , 187.00 , 515.00 , (17.67), 5.67 
2013-03-31, 187.00 , 145.00 , 580.00 , (91.67), 17.00 
2013-02-28, 145.00 , 279.00 , 547.00 , 81.00 , 68.67 
2013-01-31, 279.00 , 190.00 , 611.00 , 2.33 , 25.33 
2012-12-31, 190.00 , 241.00 , 614.00 , 73.00 , 19.33 
2012-11-30, 241.00 , 163.00 , 710.00 , (9.67), 36.33 
2012-10-31, 163.00 , 159.00 , 594.00 , (9.33), 64.00 
2012-09-30, 159.00 , 182.00 , 563.00 , 50.33 , 80.67 
2012-08-31, 182.00 , 177.00 , 504.00 , 68.33 , (7.33)
2012-07-31, 177.00 , 146.00 , 518.00 , 58.33 , (85.00)
2012-06-30, 146.00 , 72.00 , 505.00 , (67.00), (193.33)
2012-05-31, 72.00 , 108.00 , 395.00 , (85.67), (133.33)
2012-04-30, 108.00 , 83.00 , 326.00 , (198.00), (36.00)
2012-03-31, 83.00 , 226.00 , 263.00 , (46.33), 95.67 
2012-02-29, 226.00 , 272.00 , 417.00 , 42.33 , 80.00 
2012-01-31, 272.00 , 345.00 , 581.00 , 159.67 , 41.00 
2011-12-31, 345.00 , 200.00 , 843.00 , 7.67 , 49.00 
2011-11-30, 200.00 , 144.00 , 817.00 , (44.67), 52.33 
2011-10-31, 144.00 , 212.00 , 689.00 , 75.67 , 59.67 
2011-09-30, 212.00 , 221.00 , 556.00 , 81.00 , (83.33)
2011-08-31, 221.00 , 133.00 , 577.00 , 4.00 , (77.33)
2011-07-31, 133.00 , 55.00 , 566.00 , (164.67), (125.00)
2011-06-30, 55.00 , 232.00 , 409.00 , 14.67 , 72.33 
2011-05-31, 232.00 , 100.00 , 420.00 , (154.00), 118.00 
2011-04-30, 100.00 , 327.00 , 387.00 , 179.67 , 180.00 
2011-03-31, 327.00 , 225.00 , 659.00 , 125.67 , (18.00)
2011-02-28, 225.00 , 210.00 , 652.00 , 136.00 , (10.67)
2011-01-31, 210.00 , 7.00 , 762.00 , (158.33), 7.33 
2010-12-31, 7.00 , 81.00 , 442.00 , (29.00), 219.33 
2010-11-30, 81.00 , 134.00 , 298.00 , 67.33 , 183.67 
2010-10-31, 134.00 , 281.00 , 222.00 , 335.00 , (35.00)
2010-09-30, 281.00 , (85.00), 496.00 , (11.33), (266.33)
2010-08-31, (85.00), 4.00 , 330.00 , (97.67), (388.67)
2010-07-31, 4.00 , (81.00), 200.00 , (293.33), (4.00)
2010-06-30, (81.00), (144.00), (162.00), (459.00), 193.67 
2010-05-31, (144.00), 530.00 , (221.00), 424.33 , 434.67 
2010-04-30, 530.00 , 251.00 , 305.00 , 232.33 , 193.67 
2010-03-31, 251.00 , 164.00 , 637.00 , 283.67 , 162.67 
2010-02-28, 164.00 , (98.00), 945.00 , (10.00), 20.67 
2010-01-31, (98.00), (10.00), 317.00 , 134.00 , 111.67 
2009-12-31, (10.00), (251.00), 56.00 , (110.67), 110.00 
2009-11-30, (251.00), (3.00), (359.00), 196.67 , 189.67 
2009-10-31, (3.00), (178.00), (264.00), 76.00 , 188.33 
2009-09-30, (178.00), (240.00), (432.00), 90.00 , 243.00 
2009-08-31, (240.00), (181.00), (421.00), 207.00 , 283.67 
2009-07-31, (181.00), (341.00), (599.00), 156.00 , 360.00 
2009-06-30, (341.00), (468.00), (762.00), 145.67 , 288.33 
2009-05-31, (468.00), (355.00), (990.00), 393.00 , 131.33 
2009-04-30, (355.00), (668.00)," (1,164.00)", 117.33 , (6.33)
2009-03-31, (668.00), (818.00)," (1,491.00)", (73.00), (149.00)
2009-02-28, (818.00), (758.00)," (1,841.00)", (16.33), (190.67)
2009-01-31, (758.00), (780.00)," (2,244.00)", (143.67), (342.33)
2008-12-31, (780.00), (697.00)," (2,356.00)", (142.67), (326.00)
2008-11-30, (697.00), (748.00)," (2,235.00)", (348.67), (341.67)
2008-10-31, (748.00), (464.00)," (2,225.00)", (153.67), (217.33)
2008-09-30, (464.00), (451.00)," (1,909.00)", (238.33), (121.67)
2008-08-31, (451.00), (283.00)," (1,663.00)", (101.00), (54.00)
2008-07-31, (283.00), (197.00)," (1,198.00)", (8.33), (61.67)
2008-06-30, (197.00), (158.00), (931.00), 0.67 , (141.00)
2008-05-31, (158.00), (191.00), (638.00), (70.67), (169.00)
2008-04-30, (191.00), (217.00), (546.00), (169.33), (195.33)
2008-03-31, (217.00), (68.00), (566.00), (78.33), (146.00)
2008-02-29, (68.00), (76.00), (476.00), (151.00), (81.33)
2008-01-31, (76.00), 1.00 , (361.00), (97.33), 31.00 
2007-12-31, 1.00 , 106.00 , (143.00), 14.33 , 88.00 
2007-11-30, 106.00 , 118.00 , 31.00 , 74.00 , 83.67 
2007-10-31, 118.00 , 71.00 , 225.00 , 60.67 , (22.33)
2007-09-30, 71.00 , 86.00 , 295.00 , 78.00 , (86.67)
2007-08-31, 86.00 , (25.00), 275.00 , (91.33), (138.33)
2007-07-31, (25.00), (30.00), 132.00 , (127.00), (56.00)
2007-06-30, (30.00), 79.00 , 31.00 , (67.33), (79.00)
2007-05-31, 79.00 , 150.00 , 24.00 , 27.67 , (16.00)
2007-04-30, 150.00 , 62.00 , 199.00 , (114.00), (84.67)
2007-03-31, 62.00 , 227.00 , 291.00 , 64.67 , 40.00 
2007-02-28, 227.00 , 78.00 , 439.00 , (129.00), 39.33 
2007-01-31, 78.00 , 223.00 , 367.00 , 87.00 , 96.33 
2006-12-31, 223.00 , 186.00 , 528.00 , 63.00 , (36.67)
2006-11-30, 186.00 , 212.00 , 487.00 , 101.33 , (27.67)
2006-10-31, 212.00 , 10.00 , 621.00 , (162.67), 5.00 
2006-09-30, 10.00 , 147.00 , 408.00 , (3.67), 79.67 
2006-08-31, 147.00 , 175.00 , 369.00 , 69.33 , (18.67)
2006-07-31, 175.00 , 196.00 , 332.00 , 103.00 , (152.67)
2006-06-30, 196.00 , 81.00 , 518.00 , (88.33), (205.33)
2006-05-31, 81.00 , 40.00 , 452.00 , (218.33), (77.67)
2006-04-30, 40.00 , 158.00 , 317.00 , (140.33), 0.67 
2006-03-31, 158.00 , 310.00 , 279.00 , 63.00 , 103.33 
2006-02-28, 310.00 , 307.00 , 508.00 , 49.33 , 82.00 
2006-01-31, 307.00 , 278.00 , 775.00 , 83.00 , 138.00 
2005-12-31, 278.00 , 156.00 , 895.00 , (9.00), (13.67)
2005-11-30, 156.00 , 339.00 , 741.00 , 219.33 , (105.33)
2005-10-31, 339.00 , 90.00 , 773.00 , (118.67), (139.67)
2005-09-30, 90.00 , 66.00 , 585.00 , (204.33), (53.00)
2005-08-31, 66.00 , 203.00 , 495.00 , (56.33), 51.67 
2005-07-31, 203.00 , 357.00 , 359.00 , 95.33 , 11.00 
2005-06-30, 357.00 , 251.00 , 626.00 , 32.33 , 85.67 
2005-05-31, 251.00 , 170.00 , 811.00 , (78.33), 42.33 
2005-04-30, 170.00 , 364.00 , 778.00 , 188.00 , 140.00 
2005-03-31, 364.00 , 122.00 , 785.00 , (54.33), (1.33)
2005-02-28, 122.00 , 259.00 , 656.00 , 150.67 , (12.33)
2005-01-31, 259.00 , 147.00 , 745.00 , (30.33), (92.33)
2004-12-31, 147.00 , 123.00 , 528.00 , (65.67), 75.67 
2004-11-30, 123.00 , 55.00 , 529.00 , (145.67), 107.00 
2004-10-31, 55.00 , 354.00 , 325.00 , 252.33 , 54.67 
2004-09-30, 354.00 , 157.00 , 532.00 , 75.33 , (115.33)
2004-08-31, 157.00 , 91.00 , 566.00 , (55.00), (207.00)
2004-07-31, 91.00 , 57.00 , 602.00 , (160.00), (67.00)
2004-06-30, 57.00 , 97.00 , 305.00 , (191.67), 33.33 
2004-05-31, 97.00 , 284.00 , 245.00 , 71.00 , 170.67 
2004-04-30, 284.00 , 270.00 , 438.00 , 86.33 , 108.33 
2004-03-31, 270.00 , 312.00 , 651.00 , 194.00 , 75.00 
2004-02-29, 312.00 , 57.00 , 866.00 , (47.67), 10.33 
2004-01-31, 57.00 , 182.00 , 639.00 , 73.33 , 16.00 
2003-12-31, 182.00 , 115.00 , 551.00 , 7.33 , 85.33 
2003-11-30, 115.00 , 17.00 , 354.00 , (71.67), 122.00 
2003-10-31, 17.00 , 194.00 , 314.00 , 170.67 , 84.33 
2003-09-30, 194.00 , 112.00 , 326.00 , 126.33 , 35.67 
2003-08-31, 112.00 , (40.00), 323.00 , (44.33), 69.33 
2003-07-31, (40.00), (2.00), 266.00 , 10.33 , 138.33 
2003-06-30, (2.00), (1.00), 70.00 , 82.67 , 68.33 
2003-05-31, (1.00), 16.00 , (43.00), 150.00 , (26.67)
2003-04-30, 16.00 , (52.00), 13.00 , 28.67 , (118.33)
2003-03-31, (52.00), (215.00), (37.00), (158.00), (68.67)
2003-02-28, (215.00), (135.00), (251.00), (119.33), (66.67)
2003-01-31, (135.00), 108.00 , (402.00), 120.00 , (28.67)
2002-12-31, 108.00 , (144.00), (242.00), (153.67), 45.00 
2002-11-30, (144.00), (11.00), (171.00), (24.00), 24.33 
2002-10-31, (11.00), 119.00 , (47.00), 176.00 , 23.67 
2002-09-30, 119.00 , (79.00), (36.00), (64.33), (44.67)
2002-08-31, (79.00), (1.00), 29.00 , 9.67 , 20.33 
2002-07-31, (1.00), (91.00), 39.00 , (78.67), 66.67 
2002-06-30, (91.00), 48.00 , (171.00), 83.00 , 76.00 
2002-05-31, 48.00 , 11.00 , (44.00), 88.33 , 100.33 
2002-04-30, 11.00 , (96.00), (32.00), (7.67), 122.67 
2002-03-31, (96.00), (20.00), (37.00), 115.33 , 176.33 
2002-02-28, (20.00), (116.00), (105.00), 84.00 , 159.67 
2002-01-31, (116.00), (129.00), (232.00), 135.67 , 39.67 
2001-12-31, (129.00), (161.00), (265.00), 134.00 , (91.00)
2001-11-30, (161.00), (310.00), (406.00), (70.33), (167.33)
2001-10-31, (310.00), (323.00), (600.00), (149.33), (143.67)
2001-09-30, (323.00), (252.00), (794.00), (124.33), (24.00)
2001-08-31, (252.00), (144.00), (885.00), (48.00), (1.67)
2001-07-31, (144.00), (125.00), (719.00), 24.67 , (17.00)
2001-06-30, (125.00), (114.00), (521.00), 12.00 , (162.67)
2001-05-31, (114.00), (49.00), (383.00), 30.00 , (204.00)
2001-04-30, (49.00), (286.00), (288.00), (299.00), (194.67)
2001-03-31, (286.00), (43.00), (449.00), (121.00), (106.33)
2001-02-28, (43.00), 92.00 , (378.00), (23.67), (32.00)
2001-01-31, 92.00 , (10.00), (237.00), (129.33), 76.33 
2000-12-31, (10.00), 152.00 , 39.00 , 42.00 , 24.33 
2000-11-30, 152.00 , 205.00 , 234.00 , 165.67 , 69.33 
2000-10-31, 205.00 , 1.00 , 347.00 , (94.00), (76.33)
2000-09-30, 1.00 , 124.00 , 358.00 , 83.33 , (61.67)
2000-08-31, 124.00 , (7.00), 330.00 , (122.67), (286.67)
2000-07-31, (7.00), 168.00 , 118.00 , 11.33 , (177.67)
2000-06-30, 168.00 , (39.00), 285.00 , (366.33), (117.67)
2000-05-31, (39.00), 218.00 , 122.00 , (75.33), 108.33 
2000-04-30, 218.00 , 291.00 , 347.00 , 16.67 , 16.67 
2000-03-31, 291.00 , 473.00 , 470.00 , 254.00 , (60.67)
2000-02-29, 473.00 , 116.00 , 982.00 , (160.67), (82.00)
2000-01-31, 116.00 , 234.00 , 880.00 , (101.00), 20.00 
1999-12-31, 234.00 , 307.00 , 823.00 , 6.00 , 107.67 
1999-11-30, 307.00 , 289.00 , 657.00 , 32.33 , 49.67 
1999-10-31, 289.00 , 409.00 , 830.00 , 181.67 , (13.33)
1999-09-30, 409.00 , 205.00 ," 1,005.00 ", (46.33), (59.33)
1999-08-31, 205.00 , 156.00 , 903.00 , (114.00), 21.00 
1999-07-31, 156.00 , 321.00 , 770.00 , 34.33 , (29.00)
1999-06-30, 321.00 , 277.00 , 682.00 , 46.67 , 76.00 
1999-05-31, 277.00 , 212.00 , 754.00 , (87.00), (65.67)
1999-04-30, 212.00 , 371.00 , 810.00 , 160.33 , 50.67 
1999-03-31, 371.00 , 108.00 , 860.00 , (188.00), (70.33)
1999-02-28, 108.00 , 418.00 , 691.00 , 169.67 , 65.33 
1999-01-31, 418.00 , 106.00 , 897.00 , (175.00), (3.33)
1998-12-31, 106.00 , 364.00 , 632.00 , 133.33 , 55.33 
1998-11-30, 364.00 , 275.00 , 888.00 , 23.33 , (1.33)
1998-10-31, 275.00 , 204.00 , 745.00 , (21.67), (1.67)
1998-09-30, 204.00 , 213.00 , 843.00 , (19.00), (78.67)
1998-08-31, 213.00 , 338.00 , 692.00 , 84.67 , (45.00)
1998-07-31, 338.00 , 126.00 , 755.00 , (178.33), 43.33 
1998-06-30, 126.00 , 232.00 , 677.00 , (45.00), 99.33 
1998-05-31, 232.00 , 402.00 , 696.00 , 192.00 , 17.67 
1998-04-30, 402.00 , 279.00 , 760.00 , 74.00 , (84.33)
1998-03-31, 279.00 , 150.00 , 913.00 , (109.33), (116.67)
1998-02-28, 150.00 , 201.00 , 831.00 , (93.33), (123.00)
1998-01-31, 201.00 , 264.00 , 630.00 , (57.67), 20.67 
1997-12-31, 264.00 , 313.00 , 615.00 , (69.33), 65.33 
1997-11-30, 313.00 , 306.00 , 778.00 , 32.33 , 201.67 
1997-10-31, 306.00 , 346.00 , 883.00 , 89.67 , (0.67)
1997-09-30, 346.00 , 495.00 , 965.00 , 314.33 , (19.00)
1997-08-31, 495.00 , (20.00)," 1,147.00 ", (294.33), (111.00)
1997-07-31, (20.00), 294.00 , 821.00 , 18.67 , (33.67)
1997-06-30, 294.00 , 268.00 , 769.00 , (23.67), (7.00)
1997-05-31, 268.00 , 261.00 , 542.00 , (47.00), 54.00 
1997-04-30, 261.00 , 297.00 , 823.00 , 14.67 , 75.33 
1997-03-31, 297.00 , 317.00 , 826.00 , 79.33 , 37.67 
1997-02-28, 317.00 , 310.00 , 875.00 , 77.33 , (16.33)
1997-01-31, 310.00 , 220.00 , 924.00 , (24.67), 14.67 
1996-12-31, 220.00 , 183.00 , 847.00 , (71.00), 31.33 
1996-11-30, 183.00 , 295.00 , 713.00 , 77.00 , 17.00 
1996-10-31, 295.00 , 256.00 , 698.00 , 42.67 , (66.00)
1996-09-30, 256.00 , 211.00 , 734.00 , (26.00), (45.67)
1996-08-31, 211.00 , 187.00 , 762.00 , (97.00), (13.67)
1996-07-31, 187.00 , 242.00 , 654.00 , (17.00), 2.33 
1996-06-30, 242.00 , 282.00 , 640.00 , 31.33 , 34.67 
1996-05-31, 282.00 , 328.00 , 711.00 , 46.33 , 63.33 
1996-04-30, 328.00 , 167.00 , 852.00 , (57.33), 186.67 
1996-03-31, 167.00 , 257.00 , 777.00 , 69.67 , 75.33 
1996-02-29, 257.00 , 421.00 , 752.00 , 326.00 , 7.33 
1996-01-31, 421.00 , (5.00), 845.00 , (154.00), (122.33)
1995-12-31, (5.00), 146.00 , 673.00 , (34.00), (47.00)
1995-11-30, 146.00 , 144.00 , 562.00 , (73.33), (15.33)
1995-10-31, 144.00 , 157.00 , 285.00 , (39.00), 114.00 
1995-09-30, 157.00 , 239.00 , 447.00 , 43.67 , 69.33 
1995-08-31, 239.00 , 256.00 , 540.00 , 152.67 , 77.33 
1995-07-31, 256.00 , 93.00 , 652.00 , (33.67), (86.00)
1995-06-30, 93.00 , 237.00 , 588.00 , 119.00 , (120.67)
1995-05-31, 237.00 , (20.00), 586.00 , (209.33), (157.33)
1995-04-30, (20.00), 163.00 , 310.00 , (84.33), (158.67)
1995-03-31, 163.00 , 211.00 , 380.00 , (64.33), (59.33)
1995-02-28, 211.00 , 194.00 , 354.00 , (154.00), (49.33)
1995-01-31, 194.00 , 337.00 , 568.00 , 30.33 , 64.33 
1994-12-31, 337.00 , 295.00 , 742.00 , (29.67), (29.67)
1994-11-30, 295.00 , 412.00 , 826.00 , 128.33 , -   
1994-10-31, 412.00 , 213.00 ," 1,044.00 ", (123.33), (56.67)
1994-09-30, 213.00 , 349.00 , 920.00 , 24.33 , 5.00 
1994-08-31, 349.00 , 289.00 , 974.00 , (51.33), (56.33)
1994-07-31, 289.00 , 371.00 , 851.00 , 39.67 , 10.00 
1994-06-30, 371.00 , 314.00 ," 1,009.00 ", (67.00), 21.67 
1994-05-31, 314.00 , 336.00 , 974.00 , 5.67 , 116.00 
1994-04-30, 336.00 , 344.00 ," 1,021.00 ", 34.33 , 42.33 
1994-03-31, 344.00 , 463.00 , 994.00 , 198.00 , 20.67 
1994-02-28, 463.00 , 184.00 ," 1,143.00 ", (104.00), 5.33 
1994-01-31, 184.00 , 282.00 , 991.00 , (7.00), 61.33 
1993-12-31, 282.00 , 329.00 , 929.00 , 69.33 , 55.67 
1993-11-30, 329.00 , 253.00 , 795.00 , 26.33 , 47.00 
1993-10-31, 253.00 , 285.00 , 864.00 , 51.67 , (25.00)
1993-09-30, 285.00 , 241.00 , 867.00 , 28.33 , (17.67)
1993-08-31, 241.00 , 154.00 , 779.00 , (97.67), 37.33 
1993-07-31, 154.00 , 305.00 , 680.00 , 54.00 , 84.00 
1993-06-30, 305.00 , 179.00 , 700.00 , 3.67 , 84.33 
1993-05-31, 179.00 , 271.00 , 638.00 , 103.33 , (81.33)
1993-04-30, 271.00 , 303.00 , 755.00 , 136.33 , (50.67)
1993-03-31, 303.00 , (48.00), 753.00 , (304.67), (12.00)
1993-02-28, (48.00), 248.00 , 526.00 , 29.67 , 140.67 
1993-01-31, 248.00 , 300.00 , 503.00 , 121.33 , 101.67 
1992-12-31, 300.00 , 222.00 , 500.00 , 106.00 , 97.33 
1992-11-30, 222.00 , 133.00 , 770.00 , 16.33 , 23.67 
1992-10-31, 133.00 , 181.00 , 655.00 , 99.67 , 26.33 
1992-09-30, 181.00 , 34.00 , 536.00 , (58.33), (35.67)
1992-08-31, 34.00 , 135.00 , 348.00 , 44.67 , (20.67)
1992-07-31, 135.00 , 75.00 , 350.00 , (42.00), 40.00 
1992-06-30, 75.00 , 67.00 , 244.00 , (46.00), 104.33 
1992-05-31, 67.00 , 129.00 , 277.00 , 78.67 , 107.67 
1992-04-30, 129.00 , 155.00 , 271.00 , 142.33 , 45.33 
1992-03-31, 155.00 , 55.00 , 351.00 , 49.67 , 15.33 
1992-02-29, 55.00 , (59.00), 339.00 , (64.00), 10.67 
1992-01-31, (59.00), 42.00 , 151.00 , 44.67 , (16.67)
1991-12-31, 42.00 , 33.00 , 38.00 , 38.33 , (3.00)
1991-11-30, 33.00 , (60.00), 16.00 , (81.67), (26.00)
1991-10-31, (60.00), 19.00 , 15.00 , 18.67 , 46.67 
1991-09-30, 19.00 , 25.00 , (8.00), 4.33 , 80.00 
1991-08-31, 25.00 , 21.00 , (16.00), 46.00 , 182.00 
1991-07-31, 21.00 , (45.00), 65.00 , 34.67 , 204.67 
1991-06-30, (45.00), 86.00 , 1.00 , 247.33 , 117.33 
1991-05-31, 86.00 , (116.00), 62.00 , 113.67 , (2.00)
1991-04-30, (116.00), (209.00), (75.00), (12.00), (126.00)
1991-03-31, (209.00), (159.00), (239.00), 0.33 , (79.33)
1991-02-28, (159.00), (321.00), (484.00), (217.33), (24.67)
1991-01-31, (321.00), (111.00), (689.00), 6.67 , 48.67 
1990-12-31, (111.00), (46.00), (591.00), 88.67 , (5.33)
1990-11-30, (46.00), (154.00), (478.00), (1.67), (60.67)
1990-10-31, (154.00), (153.00), (311.00), (40.67), (197.67)
1990-09-30, (153.00), (97.00), (353.00), (23.00), (183.33)
1990-08-31, (97.00), (207.00), (404.00), (252.33), (208.67)
1990-07-31, (207.00), (33.00), (457.00), (104.00), (118.33)
1990-06-30, (33.00), 18.00 , (337.00), (116.67), (198.33)
1990-05-31, 18.00 , 151.00 , (222.00), (12.67), (93.00)
1990-04-30, 151.00 , 44.00 , 136.00 , (225.33), (76.67)
1990-03-31, 44.00 , 209.00 , 213.00 , (18.67), 113.67 
1990-02-28, 209.00 , 238.00 , 404.00 , (2.33), 17.00 
1990-01-31, 238.00 , 361.00 , 491.00 , 205.33 , 104.67 
1989-12-31, 361.00 , 84.00 , 808.00 , (126.67), 41.67 
1989-11-30, 84.00 , 276.00 , 683.00 , 140.33 , 141.67 
1989-10-31, 276.00 , 107.00 , 721.00 , (7.00), 43.00 
1989-09-30, 107.00 , 249.00 , 467.00 , 180.00 , (21.33)
1989-08-31, 249.00 , 51.00 , 632.00 , (41.67), (93.00)
1989-07-31, 51.00 , 42.00 , 407.00 , (93.33), (117.33)
1989-06-30, 42.00 , 114.00 , 342.00 , (48.00), (105.67)
1989-05-31, 114.00 , 122.00 , 207.00 , (88.00), (108.00)
1989-04-30, 122.00 , 170.00 , 278.00 , (71.00), (85.00)
1989-03-31, 170.00 , 194.00 , 406.00 , (76.00), (54.00)
1989-02-28, 194.00 , 266.00 , 486.00 , (29.00), (44.33)
1989-01-31, 266.00 , 263.00 , 630.00 , (32.00), 53.00 
1988-12-31, 263.00 , 281.00 , 723.00 , (33.33), 66.00 
1988-11-30, 281.00 , 341.00 , 810.00 , 99.00 , 77.00 
1988-10-31, 341.00 , 263.00 , 885.00 , 34.00 , (30.67)
1988-09-30, 263.00 , 339.00 , 885.00 , 101.67 , (50.00)
1988-08-31, 339.00 , 124.00 , 943.00 , (148.67), (12.00)
1988-07-31, 124.00 , 224.00 , 726.00 , (55.00), (53.67)
1988-06-30, 224.00 , 364.00 , 687.00 , 114.67 , 3.00 
1988-05-31, 364.00 , 230.00 , 712.00 , (96.33), (31.33)
1988-04-30, 230.00 , 243.00 , 818.00 , (33.00), 121.33 
1988-03-31, 243.00 , 275.00 , 837.00 , (5.67), (62.00)
1988-02-29, 275.00 , 461.00 , 748.00 , 256.00 , (36.67)
1988-01-31, 461.00 , 92.00 , 979.00 , (246.00), (92.00)
1987-12-31, 92.00 , 289.00 , 828.00 , (28.33), 89.00 
1987-11-30, 289.00 , 234.00 , 842.00 , (63.00), 86.67 
1987-10-31, 234.00 , 491.00 , 615.00 , 242.00 , 47.67 
1987-09-30, 491.00 , 227.00 ," 1,014.00 ", (3.67), 3.67 
1987-08-31, 227.00 , 173.00 , 952.00 , (76.33), (39.00)
1987-07-31, 173.00 , 347.00 , 891.00 , 101.67 , (24.33)
1987-06-30, 347.00 , 172.00 , 747.00 , (97.67), 27.00 
1987-05-31, 172.00 , 229.00 , 692.00 , (44.67), 66.00 
1987-04-30, 229.00 , 335.00 , 748.00 , 116.67 , 88.00 
1987-03-31, 335.00 , 245.00 , 736.00 , 41.33 , 26.67 
1987-02-28, 245.00 , 241.00 , 809.00 , 55.33 , (36.33)
1987-01-31, 241.00 , 169.00 , 821.00 , (22.67), (30.33)
1986-12-31, 169.00 , 201.00 , 655.00 , (39.00), (68.00)
1986-11-30, 201.00 , 187.00 , 611.00 , (29.00), 126.67 
1986-10-31, 187.00 , 187.00 , 557.00 , (72.67), 98.67 
1986-09-30, 187.00 , 346.00 , 575.00 , 232.67 , 186.00 
1986-08-31, 346.00 , 115.00 , 720.00 , (2.33), (20.33)
1986-07-31, 115.00 , 318.00 , 648.00 , 244.33 , (12.33)
1986-06-30, 318.00 , (93.00), 779.00 , (226.67), (34.67)
1986-05-31, (93.00), 127.00 , 340.00 , (2.67), (1.00)
1986-04-30, 127.00 , 187.00 , 352.00 , 78.67 , (36.67)
1986-03-31, 187.00 , 87.00 , 221.00 , (47.67), (79.67)
1986-02-28, 87.00 , 115.00 , 401.00 , (51.33), (66.33)
1986-01-31, 115.00 , 123.00 , 389.00 , (65.00), (28.67)
1985-12-31, 123.00 , 166.00 , 325.00 , (35.00), (7.33)
1985-11-30, 166.00 , 210.00 , 404.00 , 15.00 , 25.00 
1985-10-31, 210.00 , 188.00 , 499.00 , (7.33), (8.33)
1985-09-30, 188.00 , 205.00 , 564.00 , 29.00 , (10.33)
1985-08-31, 205.00 , 192.00 , 603.00 , (11.33), (93.67)
1985-07-31, 192.00 , 189.00 , 585.00 , (16.67), (18.67)
1985-06-30, 189.00 , 147.00 , 586.00 , (122.67), (39.33)
1985-05-31, 147.00 , 274.00 , 528.00 , 52.00 , 96.00 
1985-04-30, 274.00 , 196.00 , 610.00 , (49.00), (25.67)
1985-03-31, 196.00 , 339.00 , 617.00 , 165.33 , (9.33)
1985-02-28, 339.00 , 131.00 , 809.00 , (116.67), (143.00)
1985-01-31, 131.00 , 265.00 , 666.00 , 10.67 , (32.33)
1984-12-31, 265.00 , 125.00 , 735.00 , (191.67), (34.00)
1984-11-30, 125.00 , 353.00 , 521.00 , 73.00 , 5.33 
1984-10-31, 353.00 , 285.00 , 743.00 , (3.33), (52.33)
1984-09-30, 285.00 , 312.00 , 763.00 , 0.67 , (61.67)
1984-08-31, 312.00 , 243.00 , 950.00 , (89.33), (2.33)
1984-07-31, 243.00 , 310.00 , 840.00 , (40.00), (40.67)
1984-06-30, 310.00 , 381.00 , 865.00 , 67.33 , (49.67)
1984-05-31, 381.00 , 306.00 , 934.00 , (67.00), (113.67)
1984-04-30, 306.00 , 363.00 , 997.00 , (36.67), (11.33)
1984-03-31, 363.00 , 272.00 ," 1,050.00 ", (155.33), 72.00 
1984-02-29, 272.00 , 484.00 , 941.00 , 99.67 , (154.67)
1984-01-31, 484.00 , 443.00 ," 1,119.00 ", 115.33 , 23.33 
1983-12-31, 443.00 , 355.00 ," 1,199.00 ", (227.00), (81.00)
1983-11-30, 355.00 , 355.00 ," 1,282.00 ", (6.00), 420.33 
1983-10-31, 355.00 , 273.00 ," 1,153.00 ", (135.67), 3.33 
1983-09-30, 273.00 ," 1,118.00 ", 983.00 , 956.33 , 98.33 
1983-08-31," 1,118.00 ", (308.00)," 1,746.00 ", (665.67), (80.67)
1983-07-31, (308.00), 416.00 ," 1,083.00 ", 105.67 , 233.00 
1983-06-30, 416.00 , 377.00 ," 1,226.00 ", 134.67 , 204.00 
1983-05-31, 377.00 , 280.00 , 485.00 , 155.33 , 198.67 
1983-04-30, 280.00 , 274.00 ," 1,073.00 ", 167.67 , 97.00 
1983-03-31, 274.00 , 173.00 , 931.00 , 129.33 , 243.67 
1983-02-28, 173.00 , (73.00), 727.00 , (100.67), 236.00 
1983-01-31, (73.00), 219.00 , 374.00 , 356.33 , 232.33 
1982-12-31, 219.00 , (15.00), 319.00 , 177.33 , 90.00 
1982-11-30, (15.00), (121.00), 131.00 , 83.67 , 55.67 
1982-10-31, (121.00), (276.00), 83.00 , (48.67), 5.00 
1982-09-30, (276.00), (180.00), (412.00), 68.00 , (37.67)
1982-08-31, (180.00), (158.00), (577.00), 51.67 , (96.00)
1982-07-31, (158.00), (344.00), (614.00), (154.33), (71.33)
1982-06-30, (344.00), (242.00), (682.00), (90.00), (36.00)
1982-05-31, (242.00), (43.00), (744.00), 95.33 , 50.67 
1982-04-30, (43.00), (284.00), (629.00), (130.33), 133.33 
1982-03-31, (284.00), (129.00), (569.00), 73.67 , 40.33 
1982-02-28, (129.00), (2.00), (456.00), 269.67 , (71.33)
1982-01-31, (2.00), (330.00), (415.00), (136.00), (198.00)
1981-12-31, (330.00), (276.00), (461.00), (144.67), (189.67)
1981-11-30, (276.00), (209.00), (608.00), (135.33), (221.00)
1981-10-31, (209.00), (97.00), (815.00), (92.67), (179.67)
1981-09-30, (97.00), (88.00), (582.00), (177.67), (97.67)
1981-08-31, (88.00), (36.00), (394.00), (142.00), 26.00 
1981-07-31, (36.00), 111.00 , (221.00), 17.67 , 22.67 
1981-06-30, 111.00 , 194.00 , (13.00), 130.33 , 4.33 
1981-05-31, 194.00 , 13.00 , 269.00 , (70.33), (55.67)
1981-04-30, 13.00 , 73.00 , 318.00 , (16.00), (97.67)
1981-03-31, 73.00 , 105.00 , 280.00 , (14.33), (154.33)
1981-02-28, 105.00 , 72.00 , 191.00 , (109.00), (96.67)
1981-01-31, 72.00 , 90.00 , 250.00 , (153.33), (35.67)
1980-12-31, 90.00 , 196.00 , 267.00 , (20.00), 206.00 
1980-11-30, 196.00 , 257.00 , 358.00 , 40.33 , 323.00 
1980-10-31, 257.00 , 277.00 , 543.00 , 239.67 , 553.00 
1980-09-30, 277.00 , 114.00 , 730.00 , 221.00 , 335.00 
1980-08-31, 114.00 , 259.00 , 648.00 , 595.33 , 47.33 
1980-07-31, 259.00 , (261.00), 650.00 , 36.67 , (352.67)
1980-06-30, (261.00), (319.00), 112.00 , (164.67), (405.00)
1980-05-31, (319.00), (429.00), (321.00), (445.33), (257.67)
1980-04-30, (429.00), (145.00)," (1,009.00)", (252.33), (90.00)
1980-03-31, (145.00), 111.00 , (893.00), 7.67 , (7.67)
1980-02-29, 111.00 , 83.00 , (463.00), (23.33), 12.33 
1980-01-31, 83.00 , 128.00 , 49.00 , 13.00 , 18.33 
1979-12-31, 128.00 , 99.00 , 322.00 , 8.00 , 42.00 
1979-11-30, 99.00 , 92.00 , 310.00 , 4.00 , (79.33)
1979-10-31, 92.00 , 154.00 , 319.00 , 81.00 , (178.67)
1979-09-30, 154.00 , 27.00 , 345.00 , (143.33), (136.67)
1979-08-31, 27.00 , 83.00 , 273.00 , (183.67), (74.33)
1979-07-31, 83.00 , 109.00 , 264.00 , (100.67), 63.67 
1979-06-30, 109.00 , 319.00 , 219.00 , 74.33 , (59.67)
1979-05-31, 319.00 , 372.00 , 511.00 , 169.00 , 23.33 
1979-04-30, 372.00 , (62.00), 800.00 , (331.33), (81.00)
1979-03-31, (62.00), 424.00 , 629.00 , 202.67 , (80.67)
1979-02-28, 424.00 , 247.00 , 734.00 , (37.00), (81.33)
1979-01-31, 247.00 , 137.00 , 609.00 , (213.00), 33.33 
1978-12-31, 137.00 , 280.00 , 808.00 , (22.67), 126.33 
1978-11-30, 280.00 , 435.00 , 664.00 , 184.33 , (22.00)
1978-10-31, 435.00 , 335.00 , 852.00 , 111.33 , (96.67)
1978-09-30, 335.00 , 138.00 ," 1,050.00 ", (186.67), (273.00)
1978-08-31, 138.00 , 279.00 , 908.00 , (68.33), (195.67)
1978-07-31, 279.00 , 254.00 , 752.00 , (242.67), (175.33)
1978-06-30, 254.00 , 441.00 , 671.00 , (79.33), 146.67 
1978-05-31, 441.00 , 347.00 , 974.00 , (175.67), 262.00 
1978-04-30, 347.00 , 702.00 ," 1,042.00 ", 352.00 , 258.00 
1978-03-31, 702.00 , 512.00 ," 1,490.00 ", 253.67 , 57.33 
1978-02-28, 512.00 , 354.00 ," 1,561.00 ", 89.33 , (107.67)
1978-01-31, 354.00 , 184.00 ," 1,568.00 ", (108.67), (57.33)
1977-12-31, 184.00 , 237.00 ," 1,050.00 ", (129.00), (55.33)
1977-11-30, 237.00 , 373.00 , 775.00 , 51.00 , 37.00 
1977-10-31, 373.00 , 268.00 , 794.00 , (80.00), (46.67)
1977-09-30, 268.00 , 457.00 , 878.00 , 128.00 , (17.67)
1977-08-31, 457.00 , 241.00 ," 1,098.00 ", (127.67), (37.67)
1977-07-31, 241.00 , 346.00 , 966.00 , (19.67), 22.67 
1977-06-30, 346.00 , 400.00 ," 1,044.00 ", 33.33 , 51.33 
1977-05-31, 400.00 , 360.00 , 987.00 , 14.00 , 117.33 
1977-04-30, 360.00 , 337.00 ," 1,106.00 ", 22.67 , 86.33 
1977-03-31, 337.00 , 403.00 ," 1,097.00 ", 153.67 , 129.00 
1977-02-28, 403.00 , 298.00 ," 1,100.00 ", 38.33 , 70.67 
1977-01-31, 298.00 , 242.00 ," 1,038.00 ", 56.67 , 138.33 
1976-12-31, 242.00 , 208.00 , 943.00 , 29.33 , 13.33 
1976-11-30, 208.00 , 329.00 , 748.00 , 207.67 , 48.00 
1976-10-31, 329.00 , 19.00 , 779.00 , (153.00), 36.33 
1976-09-30, 19.00 , 188.00 , 556.00 , 57.33 , 62.67 
1976-08-31, 188.00 , 157.00 , 536.00 , 72.00 , (34.67)
1976-07-31, 157.00 , 171.00 , 364.00 , 61.67 , (178.00)
1976-06-30, 171.00 , 64.00 , 516.00 , (101.33), (234.33)
1976-05-31, 64.00 , 20.00 , 392.00 , (243.00), (211.67)
1976-04-30, 20.00 , 244.00 , 255.00 , (99.67), (58.00)
1976-03-31, 244.00 , 232.00 , 328.00 , (145.00), 80.67 
1976-02-29, 232.00 , 313.00 , 496.00 , (8.00), 199.67 
1976-01-31, 313.00 , 486.00 , 789.00 , 223.00 , 64.33 
1975-12-31, 486.00 , 332.00 ," 1,031.00 ", 154.67 , 27.33 
1975-11-30, 332.00 , 145.00 ," 1,131.00 ", (111.67), 1.00 
1975-10-31, 145.00 , 312.00 , 963.00 , 76.33 , 153.33 
1975-09-30, 312.00 , 75.00 , 789.00 , (101.33), 278.00 
1975-08-31, 75.00 , 383.00 , 532.00 , 279.67 , 274.33 
1975-07-31, 383.00 , 249.00 , 770.00 , 291.33 , 381.00 
1975-06-30, 249.00 , (103.00), 707.00 , (5.00), 292.33 
1975-05-31, (103.00), 164.00 , 529.00 , 441.67 , 351.00 
1975-04-30, 164.00 , (188.00), 310.00 , 146.67 , 168.00 
1975-03-31, (188.00), (270.00), (127.00), 179.00 , (15.33)
1975-02-28, (270.00), (375.00), (294.00), 70.67 , (331.00)
1975-01-31, (375.00), (359.00), (833.00), (39.67), (443.67)
1974-12-31, (359.00), (613.00)," (1,004.00)", (495.00), (321.33)
1974-11-30, (613.00), (365.00)," (1,347.00)", (363.00), (141.33)
1974-10-31, (365.00), 20.00 ," (1,337.00)", 18.00 , (86.67)
1974-09-30, 20.00 , (9.00), (958.00), (32.33), (100.67)
1974-08-31, (9.00), (17.00), (354.00), (101.67), (75.00)
1974-07-31, (17.00), 32.00 , (6.00), (70.67), (9.33)
1974-06-30, 32.00 , 55.00 , 6.00 , (43.33), 14.33 
1974-05-31, 55.00 , 167.00 , 70.00 , 73.00 , (13.00)
1974-04-30, 167.00 , 86.00 , 254.00 , (2.33), (70.33)
1974-03-31, 86.00 , 42.00 , 308.00 , (69.33), (163.33)
1974-02-28, 42.00 , 154.00 , 295.00 , (10.33), (139.33)
1974-01-31, 154.00 , 69.00 , 282.00 , (182.67), (67.00)
1973-12-31, 69.00 , 111.00 , 265.00 , (139.67), 122.00 
1973-11-30, 111.00 , 313.00 , 334.00 , 81.67 , 77.33 
1973-10-31, 313.00 , 331.00 , 493.00 , 201.33 , 78.67 
1973-09-30, 331.00 , 108.00 , 755.00 , (65.33), (71.33)
1973-08-31, 108.00 , 255.00 , 752.00 , 102.33 , (38.00)
1973-07-31, 255.00 , 26.00 , 694.00 , (175.00), (126.67)
1973-06-30, 26.00 , 239.00 , 389.00 , 27.67 , (137.67)
1973-05-31, 239.00 , 193.00 , 520.00 , (86.33), (135.67)
1973-04-30, 193.00 , 171.00 , 458.00 , (167.67), (35.00)
1973-03-31, 171.00 , 270.00 , 603.00 , (77.00), 4.00 
1973-02-28, 270.00 , 397.00 , 634.00 , 82.67 , 69.67 
1973-01-31, 397.00 , 349.00 , 838.00 , 14.33 , (7.33)
1972-12-31, 349.00 , 295.00 ," 1,016.00 ", 17.67 , 166.00 
1972-11-30, 295.00 , 299.00 ," 1,041.00 ", (22.67), 53.33 
1972-10-31, 299.00 , 410.00 , 943.00 , 241.33 , 139.33 
1972-09-30, 410.00 , 123.00 ," 1,004.00 ", (101.00), (102.67)
1972-08-31, 123.00 , 432.00 , 832.00 , 249.67 , (49.67)
1972-07-31, 432.00 , (49.00), 965.00 , (320.33), (58.00)
1972-06-30, (49.00), 289.00 , 506.00 , 15.33 , (7.00)
1972-05-31, 289.00 , 307.00 , 672.00 , 66.67 , 6.67 
1972-04-30, 307.00 , 218.00 , 547.00 , (60.33), (26.00)
1972-03-31, 218.00 , 296.00 , 814.00 , 29.00 , 113.33 
1972-02-29, 296.00 , 207.00 , 821.00 , (59.33), 109.00 
1972-01-31, 207.00 , 332.00 , 721.00 , 167.00 , 157.33 
1971-12-31, 332.00 , 262.00 , 835.00 , 104.00 , 45.00 
1971-11-30, 262.00 , 205.00 , 801.00 , 96.00 , 116.00 
1971-10-31, 205.00 , 28.00 , 799.00 , (92.00), 16.00 
1971-09-30, 28.00 , 241.00 , 495.00 , 199.00 , (11.33)
1971-08-31, 241.00 , 58.00 , 474.00 , (35.00), (104.67)
1971-07-31, 58.00 , 61.00 , 327.00 , (70.33), 36.00 
1971-06-30, 61.00 , 7.00 , 360.00 , (139.67), 108.67 
1971-05-31, 7.00 , 211.00 , 126.00 , 154.00 , 14.00 
1971-04-30, 211.00 , 176.00 , 279.00 , 153.33 , (57.67)
1971-03-31, 176.00 , 53.00 , 394.00 , (79.67), 73.33 
1971-02-28, 53.00 , (58.00), 440.00 , (172.67), 308.67 
1971-01-31, (58.00), 73.00 , 171.00 , 123.67 , 292.00 
1970-12-31, 73.00 , 383.00 , 68.00 , 559.00 , (22.33)
1970-11-30, 383.00 , (112.00), 398.00 , 65.33 , (113.67)
1970-10-31, (112.00), (423.00), 344.00 , (394.67), (79.00)
1970-09-30, (423.00), 7.00 , (152.00), 69.33 , 112.33 
1970-08-31, 7.00 , (116.00), (528.00), (17.67), (2.00)
1970-07-31, (116.00), 24.00 , (532.00), 164.67 , (155.67)
1970-06-30, 24.00 , (95.00), (85.00), (34.67), (210.67)
1970-05-31, (95.00), (224.00), (187.00), (281.33), (133.33)
1970-04-30, (224.00), (103.00), (295.00), (173.00), 39.00 
1970-03-31, (103.00), 146.00 , (422.00), 73.00 , (39.00)
1970-02-28, 146.00 , 129.00 , (181.00), 110.67 , 47.00 
1970-01-31, 129.00 , (65.00), 172.00 , (174.00), (112.33)
1969-12-31, (65.00), 155.00 , 210.00 , 129.00 , 16.33 
1969-11-30, 155.00 , (35.00), 219.00 , (165.67), (200.67)
1969-10-31, (35.00), 207.00 , 55.00 , 114.33 , (88.33)
1969-09-30, 207.00 , (94.00), 327.00 , (320.67), (151.00)
1969-08-31, (94.00), 279.00 , 78.00 , 60.00 , 17.00 
1969-07-31, 279.00 , 93.00 , 392.00 , (150.67), 8.00 
1969-06-30, 93.00 , 308.00 , 278.00 , 98.33 , 24.67 
1969-05-31, 308.00 , 256.00 , 680.00 , 45.00 , (28.67)
1969-04-30, 256.00 , 167.00 , 657.00 , (52.00), (28.33)
1969-03-31, 167.00 , 206.00 , 731.00 , (32.33), (35.67)
1969-02-28, 206.00 , 260.00 , 629.00 , 20.67 , 20.33 
1969-01-31, 260.00 , 191.00 , 633.00 , (63.67), 41.00 
1968-12-31, 191.00 , 264.00 , 657.00 , 46.00 , 61.67 
1968-11-30, 264.00 , 263.00 , 715.00 , 64.67 , (8.00)
1968-10-31, 263.00 , 237.00 , 718.00 , 44.00 , 8.33 
1968-09-30, 237.00 , 154.00 , 764.00 , (72.00), (10.33)
1968-08-31, 154.00 , 204.00 , 654.00 , 14.00 , 80.33 
1968-07-31, 204.00 , 221.00 , 595.00 , 17.67 , (60.67)
1968-06-30, 221.00 , 253.00 , 579.00 , 107.33 , 71.67 
1968-05-31, 253.00 , 96.00 , 678.00 , (154.67), (25.00)
1968-04-30, 96.00 , 261.00 , 570.00 , 129.33 , 57.67 
1968-03-31, 261.00 , 80.00 , 610.00 , (90.67), (113.67)
1968-02-29, 80.00 , 411.00 , 437.00 , 218.00 , (16.00)
1968-01-31, 411.00 , (96.00), 752.00 , (341.33), 80.67 
1967-12-31, (96.00), 197.00 , 395.00 , 10.33 , 107.33 
1967-11-30, 197.00 , 478.00 , 512.00 , 365.67 , 12.33 
1967-10-31, 478.00 , 61.00 , 579.00 , (77.00), (28.33)
1967-09-30, 61.00 , 21.00 , 736.00 , (153.33), 64.67 
1967-08-31, 21.00 , 255.00 , 560.00 , 114.33 , 110.67 
1967-07-31, 255.00 , 138.00 , 337.00 , 64.67 , 121.00 
1967-06-30, 138.00 , 130.00 , 414.00 , 66.33 , (37.00)
1967-05-31, 130.00 , 154.00 , 523.00 , 134.33 , (73.00)
1967-04-30, 154.00 , (64.00), 422.00 , (174.33), (164.67)
1967-03-31, (64.00), 101.00 , 220.00 , (35.67), (75.00)
1967-02-28, 101.00 , 22.00 , 191.00 , (162.33), (34.00)
1967-01-31, 22.00 , 208.00 , 59.00 , 22.67 , -   
1966-12-31, 208.00 , 180.00 , 331.00 , 9.33 , 8.00 
1966-11-30, 180.00 , 165.00 , 410.00 , (19.33), (94.33)
1966-10-31, 165.00 , 211.00 , 553.00 , 33.67 , (103.67)
1966-09-30, 211.00 , 136.00 , 556.00 , (129.00), (129.00)
1966-08-31, 136.00 , 206.00 , 512.00 , (82.00), (40.33)
1966-07-31, 206.00 , 190.00 , 553.00 , (116.33), (14.67)
1966-06-30, 190.00 , 399.00 , 532.00 , 93.67 , 16.33 
1966-05-31, 399.00 , 275.00 , 795.00 , (27.67), 38.67 
1966-04-30, 275.00 , 245.00 , 864.00 , (45.00), 32.67 
1966-03-31, 245.00 , 396.00 , 919.00 , 129.33 , 12.67 
1966-02-28, 396.00 , 267.00 , 916.00 , (3.00), 10.67 
1966-01-31, 267.00 , 207.00 , 908.00 , (70.33), 18.67 
1965-12-31, 207.00 , 326.00 , 870.00 , 70.00 , 10.67 
1965-11-30, 326.00 , 277.00 , 800.00 , 25.67 , 10.33 
1965-10-31, 277.00 , 229.00 , 810.00 , (37.67), 16.00 
1965-09-30, 229.00 , 262.00 , 832.00 , 16.33 , 37.67 
1965-08-31, 262.00 , 263.00 , 768.00 , 27.67 , 15.33 
1965-07-31, 263.00 , 275.00 , 754.00 , 46.00 , 9.67 
1965-06-30, 275.00 , 199.00 , 800.00 , (31.33), 35.00 
1965-05-31, 199.00 , 232.00 , 737.00 , 6.33 , 36.33 
1965-04-30, 232.00 , 256.00 , 706.00 , 62.00 , (37.33)
1965-03-31, 256.00 , 203.00 , 687.00 , 9.00 , 21.33 
1965-02-28, 203.00 , 218.00 , 691.00 , (45.00), (5.67)
1965-01-31, 218.00 , 161.00 , 677.00 , (11.67), 136.00 
1964-12-31, 161.00 , 203.00 , 582.00 , 3.33 , (55.33)
1964-11-30, 203.00 , 425.00 , 582.00 , 298.00 , 23.00 
1964-10-31, 425.00 , (110.00), 789.00 , (338.00), (36.33)
1964-09-30, (110.00), 284.00 , 518.00 , 107.33 , 120.67 
1964-08-31, 284.00 , 207.00 , 599.00 , 43.67 , 64.67 
1964-07-31, 207.00 , 193.00 , 381.00 , 85.67 , 18.33 
1964-06-30, 193.00 , 130.00 , 684.00 , 18.00 , (71.33)
1964-05-31, 130.00 , 167.00 , 530.00 , 22.00 , (54.00)
1964-04-30, 167.00 , 25.00 , 490.00 , (153.67), 77.00 
1964-03-31, 25.00 , 144.00 , 322.00 , (22.00), 84.33 
1964-02-29, 144.00 , 266.00 , 336.00 , 198.00 , 51.00 
1964-01-31, 266.00 , 126.00 , 435.00 , 31.67 , (95.00)
1963-12-31, 126.00 , 106.00 , 536.00 , (9.00), (45.33)
1963-11-30, 106.00 , (28.00), 498.00 , (191.00), 17.00 
1963-10-31, (28.00), 205.00 , 204.00 , 65.33 , 91.67 
1963-09-30, 205.00 , 168.00 , 283.00 , 70.00 , 26.67 
1963-08-31, 168.00 , 116.00 , 345.00 , 44.67 , (30.67)
1963-07-31, 116.00 , 135.00 , 489.00 , 22.00 , (83.67)
1963-06-30, 135.00 , 43.00 , 419.00 , (85.67), 15.67 
1963-05-31, 43.00 , 36.00 , 294.00 , (119.00), 70.67 
1963-04-30, 36.00 , 260.00 , 214.00 , 162.67 , 130.33 
1963-03-31, 260.00 , 90.00 , 339.00 , 32.00 , 80.67 
1963-02-28, 90.00 , 115.00 , 386.00 , 90.33 , (14.67)
1963-01-31, 115.00 , 87.00 , 465.00 , 70.33 , (73.67)
1962-12-31, 87.00 , (28.00), 292.00 , (100.67), (94.67)
1962-11-30, (28.00), 15.00 , 174.00 , (83.33), 2.67 
1962-10-31, 15.00 , 63.00 , 74.00 , (48.33), 50.33 
1962-09-30, 63.00 , 140.00 , 50.00 , 70.00 , (11.67)
1962-08-31, 140.00 , 92.00 , 218.00 , 44.00 , (76.67)
1962-07-31, 92.00 , 102.00 , 295.00 , (21.00), (189.00)
1962-06-30, 102.00 , 16.00 , 334.00 , (130.67), (11.33)
1962-05-31, 16.00 , 26.00 , 210.00 , (211.00), (2.00)
1962-04-30, 26.00 , 327.00 , 144.00 , 192.67 , 114.00 
1962-03-31, 327.00 , 87.00 , 369.00 , (61.67), (27.00)
1962-02-28, 87.00 , 297.00 , 440.00 , 174.00 , 0.67 
1962-01-31, 297.00 , 19.00 , 711.00 , (142.33), (10.00)
1961-12-31, 19.00 , 130.00 , 403.00 , (18.00), 24.33 
1961-11-30, 130.00 , 220.00 , 446.00 , 87.00 , (22.67)
1961-10-31, 220.00 , 134.00 , 369.00 , (3.00), (32.33)
1961-09-30, 134.00 , 90.00 , 484.00 , (80.67), 31.00 
1961-08-31, 90.00 , 175.00 , 444.00 , 9.67 , 94.33 
1961-07-31, 175.00 , 146.00 , 399.00 , 40.00 , 184.00 
1961-06-30, 146.00 , 191.00 , 411.00 , 114.67 , 133.67 
1961-05-31, 191.00 , 159.00 , 512.00 , 177.67 , 211.00 
1961-04-30, 159.00 , (32.00), 496.00 , (4.33), 134.33 
1961-03-31, (32.00), 102.00 , 318.00 , 236.67 , 134.00 
1961-02-28, 102.00 , (126.00), 229.00 , 27.00 , (31.00)
1961-01-31, (126.00), (59.00), (56.00), 102.67 , (98.33)
1960-12-31, (59.00), (219.00), (83.00), (115.33), (121.33)
1960-11-30, (219.00), (181.00), (404.00), (126.33), (36.00)
1960-10-31, (181.00), (85.00), (459.00), (44.67), 114.33 
1960-09-30, (85.00), (45.00), (485.00), 22.67 , (5.00)
1960-08-31, (45.00), (34.00), (311.00), 135.00 , (55.00)
1960-07-31, (34.00), (42.00), (164.00), (6.67), (348.67)
1960-06-30, (42.00), (127.00), (121.00), (114.33), (128.67)
1960-05-31, (127.00), (338.00), (203.00), (517.67), (305.67)
1960-04-30, (338.00), 359.00 , (507.00), 265.67 , (125.67)
1960-03-31, 359.00 , (59.00), (106.00), (352.00), (155.33)
1960-02-29, (59.00), 239.00 , (38.00), (66.33), 193.67 
1960-01-31, 239.00 , 100.00 , 539.00 , (148.67), 454.00 
1959-12-31, 100.00 , 540.00 , 280.00 , 440.67 , 333.00 
1959-11-30, 540.00 , 276.00 , 879.00 , 424.67 , 170.67 
1959-10-31, 276.00 , (70.00), 916.00 , 14.33 , (309.67)
1959-09-30, (70.00), 92.00 , 746.00 , 163.33 , (306.67)
1959-08-31, 92.00 , (468.00), 298.00 , (629.00), (358.67)
1959-07-31, (468.00), 123.00 , (446.00), (99.33), (120.00)
1959-06-30, 123.00 , 131.00 , (253.00), (156.33), (87.33)
1959-05-31, 131.00 , 229.00 , (214.00), (52.00), 39.33 
1959-04-30, 229.00 , 307.00 , 483.00 , (2.67), (50.00)
1959-03-31, 307.00 , 326.00 , 667.00 , 78.00 , 116.67 
1959-02-28, 326.00 , 210.00 , 862.00 , (121.00), 11.00 
1959-01-31, 210.00 , 393.00 , 843.00 , 200.00 , 182.33 
1958-12-31, 393.00 , 141.00 , 929.00 , (96.00), (4.33)
1958-11-30, 141.00 , 459.00 , 744.00 , 310.33 , 130.67 
1958-10-31, 459.00 , (21.00), 993.00 , (218.33), 144.67 
1958-09-30, (21.00), 273.00 , 579.00 , 166.67 , 325.67 
1958-08-31, 273.00 , 194.00 , 711.00 , 190.00 , 327.00 
1958-07-31, 194.00 , 125.00 , 446.00 , 253.33 , 353.67 
1958-06-30, 125.00 , -   , 592.00 , 220.67 , 233.33 
1958-05-31, -   , (113.00), 319.00 , 236.67 , 106.67 
1958-04-30, (113.00), (272.00), 12.00 , 89.67 , (120.67)
1958-03-31, (272.00), (277.00), (385.00), 50.33 , (178.33)
1958-02-28, (277.00), (500.00), (662.00), (271.00), (137.33)
1958-01-31, (500.00), (308.00)," (1,049.00)", (124.67), (109.00)
1957-12-31, (308.00), (174.00)," (1,085.00)", 16.00 , (139.00)
1957-11-30, (174.00), (205.00), (982.00), (85.00), (182.67)
1957-10-31, (205.00), (171.00), (687.00), (126.67), (81.67)
1957-09-30, (171.00), (194.00), (550.00), (186.67), (14.67)
1957-08-31, (194.00), 5.00 , (570.00), 43.33 , (25.00)
1957-07-31, 5.00 , 56.00 , (360.00), 85.67 , (155.33)
1957-06-30, 56.00 , (83.00), (133.00), (100.67), (105.33)
1957-05-31, (83.00), (88.00), (22.00), (205.00), (74.33)
1957-04-30, (88.00), 82.00 , (115.00), 6.33 , 80.33 
1957-03-31, 82.00 , 59.00 , (89.00), (33.00), (32.67)
1957-02-28, 59.00 , 210.00 , 53.00 , 173.33 , 28.67 
1957-01-31, 210.00 , (42.00), 351.00 , (150.33), (237.33)
1956-12-31, (42.00), 108.00 , 227.00 , 44.67 , 102.33 
1956-11-30, 108.00 , 44.00 , 276.00 , (230.00), 21.67 
1956-10-31, 44.00 , 173.00 , 110.00 , 167.00 , 414.00 
1956-09-30, 173.00 , (27.00), 325.00 , (68.67), (91.33)
1956-08-31, (27.00), 676.00 , 190.00 , 816.00 , (71.33)
1956-07-31, 676.00 , (631.00), 822.00 , (728.33), (273.33)
1956-06-30, (631.00), 80.00 , 18.00 , (33.00), (65.67)
1956-05-31, 80.00 , 131.00 , 125.00 , (2.33), (78.67)
1956-04-30, 131.00 , 81.00 , (420.00), (82.00), (48.67)
1956-03-31, 81.00 , 127.00 , 292.00 , (64.67), (16.67)
1956-02-29, 127.00 , 192.00 , 339.00 , 10.00 , 31.33 
1956-01-31, 192.00 , 170.00 , 400.00 , (9.67), 34.67 
1955-12-31, 170.00 , 213.00 , 489.00 , 52.67 , 21.00 
1955-11-30, 213.00 , 163.00 , 575.00 , 15.67 , (39.33)
1955-10-31, 163.00 , 163.00 , 546.00 , 4.33 , (99.00)
1955-09-30, 163.00 , 155.00 , 539.00 , (44.67), (117.33)
1955-08-31, 155.00 , 124.00 , 481.00 , (122.33), (89.67)
1955-07-31, 124.00 , 197.00 , 442.00 , (79.00), (4.33)
1955-06-30, 197.00 , 278.00 , 476.00 , (11.33), 65.67 
1955-05-31, 278.00 , 264.00 , 599.00 , 13.33 , 134.67 
1955-04-30, 264.00 , 286.00 , 739.00 , 75.67 , 66.00 
1955-03-31, 286.00 , 318.00 , 828.00 , 163.33 , 62.00 
1955-02-28, 318.00 , 148.00 , 868.00 , (36.67), 36.67 
1955-01-31, 148.00 , 165.00 , 752.00 , 16.67 , 149.00 
1954-12-31, 165.00 , 151.00 , 631.00 , 33.00 , 151.33 
1954-11-30, 151.00 , 238.00 , 464.00 , 202.33 , 164.33 
1954-10-31, 238.00 , 56.00 , 554.00 , 59.00 , 150.33 
1954-09-30, 56.00 , 60.00 , 445.00 , 106.33 , 84.33 
1954-08-31, 60.00 , (9.00), 354.00 , 105.67 , 92.67 
1954-07-31, (9.00), (60.00), 107.00 , 27.33 , (18.00)
1954-06-30, (60.00), (70.00), (9.00), 69.00 , 94.67 
1954-05-31, (70.00), (214.00), (139.00), (117.33), 36.33 
1954-04-30, (214.00), 22.00 , (344.00), 204.00 , 160.33 
1954-03-31, 22.00 , (225.00), (262.00), (49.67), 39.67 
1954-02-28, (225.00), (87.00), (417.00), 170.00 , 18.33 
1954-01-31, (87.00), (234.00), (290.00), (12.33), (158.33)
1953-12-31, (234.00), (205.00), (546.00), (11.33), (171.33)
1953-11-30, (205.00), (332.00), (526.00), (233.33), (193.33)
1953-10-31, (332.00), (128.00), (771.00), (77.67), (132.33)
1953-09-30, (128.00), (121.00), (665.00), (120.67), (65.67)
1953-08-31, (121.00), (47.00), (581.00), (80.67), (50.67)
1953-07-31, (47.00), 17.00 , (296.00), 1.67 , (63.33)
1953-06-30, 17.00 , 29.00 , (151.00), (21.33), (87.00)
1953-05-31, 29.00 , 55.00 , (1.00), (42.00), (124.00)
1953-04-30, 55.00 , (38.00), 101.00 , (140.33), (85.33)
1953-03-31, (38.00), 134.00 , 46.00 , (40.33), (179.67)
1953-02-28, 134.00 , 195.00 , 151.00 , 12.67 , (123.00)
1953-01-31, 195.00 , (22.00), 291.00 , (304.00), (302.33)
1952-12-31, (22.00), 350.00 , 307.00 , 52.67 , (64.00)
1952-11-30, 350.00 , 219.00 , 523.00 , (265.67), 203.33 
1952-10-31, 219.00 , 277.00 , 547.00 , (69.00), 643.67 
1952-09-30, 277.00 , 396.00 , 846.00 , 302.00 , 420.00 
1952-08-31, 396.00 , 781.00 , 892.00 , 940.00 , 54.00 
1952-07-31, 781.00 , (139.00)," 1,454.00 ", (65.00), (267.00)
1952-06-30, (139.00), (360.00)," 1,038.00 ", (400.00), (137.33)
1952-05-31, (360.00), 22.00 , 282.00 , (86.00), (85.00)
1952-04-30, 22.00 , 116.00 , (477.00), 52.67 , 11.33 
1952-03-31, 116.00 , (18.00), (222.00), (143.00), (56.67)
1952-02-29, (18.00), 226.00 , 120.00 , 129.33 , 80.00 
1952-01-31, 226.00 , (18.00), 324.00 , (138.00), 115.00 
1951-12-31, (18.00), 167.00 , 190.00 , 122.00 , 156.67 
1951-11-30, 167.00 , 141.00 , 375.00 , 159.33 , 25.00 
1951-10-31, 141.00 , 52.00 , 290.00 , 88.67 , (85.00)
1951-09-30, 52.00 , (58.00), 360.00 , (78.00), (100.33)
1951-08-31, (58.00), (49.00), 135.00 , (115.67), (105.00)
1951-07-31, (49.00), (3.00), (55.00), (66.67), (124.33)
1951-06-30, (3.00), 112.00 , (110.00), (13.00), (273.67)
1951-05-31, 112.00 , 91.00 , 60.00 , (100.00), (142.00)
1951-04-30, 91.00 , (12.00), 200.00 , (349.33), (3.00)
1951-03-31, (12.00), 296.00 , 191.00 , 29.00 , 196.33 
1951-02-28, 296.00 , 289.00 , 375.00 , 95.00 , 72.33 
1951-01-31, 289.00 , 427.00 , 573.00 , 286.00 , (223.33)
1950-12-31, 427.00 , 85.00 ," 1,012.00 ", (109.67), (310.67)
1950-11-30, 85.00 , 70.00 , 801.00 , (347.33), (296.67)
1950-10-31, 70.00 , 268.00 , 582.00 , (183.67), 60.00 
1950-09-30, 268.00 , 246.00 , 423.00 , (245.33), 75.33 
1950-08-31, 246.00 , 738.00 , 584.00 , 380.67 , 17.67 
1950-07-31, 738.00 , 371.00 ," 1,252.00 ", (5.33), 72.00 
1950-06-30, 371.00 , 365.00 ," 1,355.00 ", (108.67), 232.33 
1950-05-31, 365.00 , 336.00 ," 1,474.00 ", 50.67 , 455.33 
1950-04-30, 336.00 ,#REF!," 1,072.00 ", 284.00 , 90.67 
